"category_id","category"
1,TOP 10
2,TOP 10
3,TOP 10
4,TOP 10
5,TOP 10
6,TOP 10
7,TOP 10
8,TOP 10
9,TOP 10
10,TOP 10
11,전체
12,전체
13,전체
14,전체
15,전체
16,전체
17,전체
18,전체
19,전체
20,전체
21,전체
22,전체
23,전체
24,전체
25,전체
26,전체
27,전체
28,전체
29,전체
30,전체
31,전체
32,전체
33,전체
34,전체
35,전체
36,전체
37,전체
38,전체
39,전체
40,전체
41,전체
42,전체
43,전체
44,전체
45,전체
46,전체
47,전체
48,전체
49,전체
50,전체
51,전체
52,전체
53,전체
54,전체
55,전체
56,전체
57,전체
58,전체
59,전체
60,전체
61,차량 구매
62,차량 구매
63,차량 구매
64,차량 구매
65,차량 구매
66,차량 구매
67,차량 구매
68,차량 구매
69,차량 구매
70,차량 구매
71,차량 구매
72,차량 구매
73,차량 구매
74,차량 구매
75,차량 구매
76,차량 구매
77,차량 구매
78,차량 구매
79,차량 구매
80,차량 구매
81,차량 구매
82,차량 구매
83,차량 구매
84,차량 구매
85,차량 구매
86,차량 구매
87,차량 구매
88,차량 구매
89,차량 구매
90,차량 구매
91,차량 구매
92,차량 구매
93,차량 구매
94,차량 구매
95,차량 구매
96,차량 구매
97,차량 구매
98,차량 구매
99,차량 구매
100,차량 정비
101,차량 정비
102,차량 정비
103,차량 정비
104,차량 정비
105,차량 정비
106,차량 정비
107,차량 정비
108,차량 정비
109,차량 정비
110,차량 정비
111,차량 정비
112,차량 정비
113,차량 정비
114,차량 정비
115,차량 정비
116,차량 정비
117,차량 정비
118,차량 정비
119,차량 정비
120,차량 정비
121,차량 정비
122,차량 정비
123,차량 정비
124,차량 정비
125,차량 정비
126,차량 정비
127,차량 정비
128,차량 정비
129,차량 정비
130,차량 정비
131,차량 정비
132,차량 정비
133,차량 정비
134,차량 정비
135,차량 정비
136,차량 정비
137,차량 정비
138,차량 정비
139,차량 정비
140,차량 정비
141,차량 정비
142,차량 정비
143,차량 정비
144,차량 정비
145,차량 정비
146,차량 정비
147,차량 정비
148,차량 정비
149,차량 정비
150,기아멤버스
151,기아멤버스
152,기아멤버스
153,기아멤버스
154,홈페이지
155,PBV
156,PBV
157,PBV
158,PBV
159,PBV
160,PBV
161,PBV
162,PBV
163,PBV
164,PBV
165,PBV
166,기타
167,기타
168,기타
169,기타
170,기타
171,기타
